Workbook

Sheet Raw_Data
A1: Record_ID | B1: Customer | C1: Email | D1: Created | E1: Status | F1: Amount | G1: Currency | H1: Owner | I1: Notes
A2: A-1001 | B2: Alice Chen | C2: alice@example.com | D2: 2026-09-01 | E2: paid | F2: 120 | G2: USD | H2: Maya | I2: ok
A3: A-1002 | B3: Bob Li | C3: BOB@EXAMPLE.COM | D3: 2026-09-01 | E3: pending | F3: 80 | G3: USD | H3: Leo
A4: A-1002 | B4: Bob Li | C4: BOB@EXAMPLE.COM | D4: 2026-09-01 | E4: pending | F4: 80 | G4: USD | H4: Leo | I4: duplicate upload
A5: A-1003 | B5: Carla Gomez | D5: 2026-09-02 | E5: paid | F5: 240 | G5: USD | H5: Maya | I5: missing email
A6: A-1004 | B6: David Kim | C6: david@example.com | D6: 2026-09-02 | E6: refunded | F6: -25 | G6: USD | H6: Leo | I6: negative amount
A7: A-1005 | B7: Elena Petrova | C7: elena@example.com | D7: 09/03/2026 | E7: PAID | F7: 310 | G7: USD | H7: Nora | I7: date needs normalization
A8: A-1006 | B8: Fatima Noor | C8: fatima@example.com | D8: 2026-09-03 | E8: paid | F8: 175 | G8: USD | H8: Maya
A9: A-1007 | B9: George Tan | C9: george@example.com | D9: not a date | E9: pending | F9: 60 | G9: USD | H9: Leo | I9: invalid date
A10: A-1008 | B10: Hana Ito | C10: hana@example.com | D10: 2026-09-04 | E10: unknown | F10: 95 | G10: USD | H10: Nora | I10: unknown status
A11: A-1009 | B11: Ivan Petrov | C11: ivan@example.com | D11: 2026-09-04 | E11: paid | F11: 420 | G11: USD | H11: Maya
A12: A-1010 | B12: Joy Okafor | C12: joy@example.com | D12: 2026-09-05 | E12: pending | F12: 135 | G12: USD | H12: Leo
A13: A-1011 | B13: Kai Muller | C13: kai@example.com | D13: 2026-09-05 | E13: paid | F13: 210 | G13: USD | H13: Nora
A14: A-1012 | B14: Lina Haddad | C14: LINA@EXAMPLE.COM | D14: 2026-09-05 | E14: paid | F14: 150 | G14: USD | H14: Maya
A15: A-1013 | B15: Mina Park | C15: mina@example.com | D15: 2026-09-06 | E15: pending | F15: 0 | G15: USD | H15: Nora | I15: zero amount
A16: A-1014 | B16: Noah Brown | C16: noah@example.com | D16: 2026-09-06 | E16: paid | F16: 280 | G16: USD | H16: Leo

Sheet Clean_Records
A1: Record_ID | B1: Customer | C1: Email | D1: Created | E1: Status | F1: Amount | G1: Currency | H1: Owner | I1: Notes | J1: Owner_Email | K1: Quality_Check
A2: A-1001 | B2: Alice Chen | C2: alice@example.com | D2: 2026-09-01 | E2: paid | F2: 120 | G2: USD | H2: Maya | I2: ok | J2: =IFERROR(VLOOKUP(H2,Lookup!$A:$B,2,FALSE),"REVIEW") | K2: =IF(COUNTA(A2:I2)=9,"PASS","REVIEW")
A3: A-1002 | B3: Bob Li | C3: bob@example.com | D3: 2026-09-01 | E3: pending | F3: 80 | G3: USD | H3: Leo | J3: =IFERROR(VLOOKUP(H3,Lookup!$A:$B,2,FALSE),"REVIEW") | K3: =IF(COUNTA(A3:I3)=9,"PASS","REVIEW")
A4: A-1005 | B4: Elena Petrova | C4: elena@example.com | D4: 2026-09-03 | E4: paid | F4: 310 | G4: USD | H4: Nora | I4: date needs normalization | J4: =IFERROR(VLOOKUP(H4,Lookup!$A:$B,2,FALSE),"REVIEW") | K4: =IF(COUNTA(A4:I4)=9,"PASS","REVIEW")
A5: A-1006 | B5: Fatima Noor | C5: fatima@example.com | D5: 2026-09-03 | E5: paid | F5: 175 | G5: USD | H5: Maya | J5: =IFERROR(VLOOKUP(H5,Lookup!$A:$B,2,FALSE),"REVIEW") | K5: =IF(COUNTA(A5:I5)=9,"PASS","REVIEW")
A6: A-1009 | B6: Ivan Petrov | C6: ivan@example.com | D6: 2026-09-04 | E6: paid | F6: 420 | G6: USD | H6: Maya | J6: =IFERROR(VLOOKUP(H6,Lookup!$A:$B,2,FALSE),"REVIEW") | K6: =IF(COUNTA(A6:I6)=9,"PASS","REVIEW")
A7: A-1010 | B7: Joy Okafor | C7: joy@example.com | D7: 2026-09-05 | E7: pending | F7: 135 | G7: USD | H7: Leo | J7: =IFERROR(VLOOKUP(H7,Lookup!$A:$B,2,FALSE),"REVIEW") | K7: =IF(COUNTA(A7:I7)=9,"PASS","REVIEW")
A8: A-1011 | B8: Kai Muller | C8: kai@example.com | D8: 2026-09-05 | E8: paid | F8: 210 | G8: USD | H8: Nora | J8: =IFERROR(VLOOKUP(H8,Lookup!$A:$B,2,FALSE),"REVIEW") | K8: =IF(COUNTA(A8:I8)=9,"PASS","REVIEW")
A9: A-1012 | B9: Lina Haddad | C9: lina@example.com | D9: 2026-09-05 | E9: paid | F9: 150 | G9: USD | H9: Maya | J9: =IFERROR(VLOOKUP(H9,Lookup!$A:$B,2,FALSE),"REVIEW") | K9: =IF(COUNTA(A9:I9)=9,"PASS","REVIEW")
A10: A-1014 | B10: Noah Brown | C10: noah@example.com | D10: 2026-09-06 | E10: paid | F10: 280 | G10: USD | H10: Leo | J10: =IFERROR(VLOOKUP(H10,Lookup!$A:$B,2,FALSE),"REVIEW") | K10: =IF(COUNTA(A10:I10)=9,"PASS","REVIEW")

Sheet Exceptions
A1: Source_Sheet | B1: Source_Row | C1: Record_ID | D1: Issue | E1: Required_Action
A2: Raw_Data | B2: 4 | C2: A-1002 | D2: Duplicate Record_ID | E2: Do not load until reviewed
A3: Raw_Data | B3: 5 | C3: A-1003 | D3: Missing email | E3: Review before loading
A4: Raw_Data | B4: 6 | C4: A-1004 | D4: Amount is not positive | E4: Review before loading
A5: Raw_Data | B5: 9 | C5: A-1007 | D5: Invalid date | E5: Review before loading
A6: Raw_Data | B6: 10 | C6: A-1008 | D6: Unknown status | E6: Review before loading
A7: Raw_Data | B7: 15 | C7: A-1013 | D7: Amount is not positive | E7: Review before loading

Sheet Lookup
A1: Owner | B1: Owner_Email
A2: Maya | B2: maya@internal.example
A3: Leo | B3: leo@internal.example
A4: Nora | B4: nora@internal.example

Sheet Weekly_Summary
A1: Owner | B1: Paid_Total | C1: Pending_Total | D1: Record_Count | E1: Review_Count
A2: Maya | B2: =SUMIFS(Clean_Records!$F:$F,Clean_Records!$H:$H,$A2,Clean_Records!$E:$E,"paid") | C2: =SUMIFS(Clean_Records!$F:$F,Clean_Records!$H:$H,$A2,Clean_Records!$E:$E,"pending") | D2: =COUNTIF(Clean_Records!$H:$H,$A2) | E2: =COUNTIFS(Clean_Records!$H:$H,$A2,Clean_Records!$K:$K,"REVIEW")
A3: Leo | B3: =SUMIFS(Clean_Records!$F:$F,Clean_Records!$H:$H,$A3,Clean_Records!$E:$E,"paid") | C3: =SUMIFS(Clean_Records!$F:$F,Clean_Records!$H:$H,$A3,Clean_Records!$E:$E,"pending") | D3: =COUNTIF(Clean_Records!$H:$H,$A3) | E3: =COUNTIFS(Clean_Records!$H:$H,$A3,Clean_Records!$K:$K,"REVIEW")
A4: Nora | B4: =SUMIFS(Clean_Records!$F:$F,Clean_Records!$H:$H,$A4,Clean_Records!$E:$E,"paid") | C4: =SUMIFS(Clean_Records!$F:$F,Clean_Records!$H:$H,$A4,Clean_Records!$E:$E,"pending") | D4: =COUNTIF(Clean_Records!$H:$H,$A4) | E4: =COUNTIFS(Clean_Records!$H:$H,$A4,Clean_Records!$K:$K,"REVIEW")
A5: TOTAL | B5: =SUM(B2:B4) | C5: =SUM(C2:C4) | D5: =SUM(D2:D4) | E5: =SUM(E2:E4)

Sheet Rules
A1: Area | B1: Rule | C1: Result
A2: Identity | B2: Record_ID must be unique | C2: Duplicates are quarantined
A3: Customer | B3: Trim outer whitespace | C3: Normalized customer name
A4: Email | B4: Require non-empty, lower-case address | C4: Missing values are quarantined
A5: Date | B5: Use YYYY-MM-DD | C5: Convertible US dates are normalized
A6: Status | B6: paid, pending, refunded | C6: Unknown values are quarantined
A7: Amount | B7: Must be numeric and positive | C7: Zero and negative values are quarantined
A8: Owner | B8: Must exist in Lookup | C8: VLOOKUP returns REVIEW when unmatched
A9: Audit | B9: Every change or exception is traceable | C9: Exceptions sheet records source row
